group,case,row,kernel,round,median_ms
svd_c64,n1024xb1,faer-1lane,default,1,1038.55
svd_c64,n1024xb1,faer-1lane,default,2,1128.97
svd_c64,n1024xb1,faer-1lane,default,3,1043.83
svd_c64,n1024xb1,faer-1lane,always_qr,1,1388.02
svd_c64,n1024xb1,faer-1lane,always_qr,2,1527.5
svd_c64,n1024xb1,faer-1lane,always_qr,3,1407.18
svd_c64,n1024xb1,faer-1lane,checked,1,1286.74
svd_c64,n1024xb1,faer-1lane,checked,2,1247.62
svd_c64,n1024xb1,faer-1lane,checked,3,1270.63
svd_c64,n1024xb1,faer-4t,default,1,357.576
svd_c64,n1024xb1,faer-4t,default,2,398.163
svd_c64,n1024xb1,faer-4t,default,3,360.514
svd_c64,n1024xb1,faer-4t,always_qr,1,770.655
svd_c64,n1024xb1,faer-4t,always_qr,2,851.408
svd_c64,n1024xb1,faer-4t,always_qr,3,782.699
svd_c64,n1024xb1,faer-4t,checked,1,649.824
svd_c64,n1024xb1,faer-4t,checked,2,485.541
svd_c64,n1024xb1,faer-4t,checked,3,424.589
svd_c64,n128xb1,faer-1lane,default,1,3.36867
svd_c64,n128xb1,faer-1lane,default,2,3.61504
svd_c64,n128xb1,faer-1lane,default,3,3.36067
svd_c64,n128xb1,faer-1lane,always_qr,1,3.75021
svd_c64,n128xb1,faer-1lane,always_qr,2,4.21408
svd_c64,n128xb1,faer-1lane,always_qr,3,3.87467
svd_c64,n128xb1,faer-1lane,checked,1,3.81012
svd_c64,n128xb1,faer-1lane,checked,2,3.806
svd_c64,n128xb1,faer-1lane,checked,3,4.16646
svd_c64,n128xb1,faer-4t,default,1,2.48894
svd_c64,n128xb1,faer-4t,default,2,2.75212
svd_c64,n128xb1,faer-4t,default,3,2.46012
svd_c64,n128xb1,faer-4t,always_qr,1,3.10584
svd_c64,n128xb1,faer-4t,always_qr,2,3.65253
svd_c64,n128xb1,faer-4t,always_qr,3,3.24971
svd_c64,n128xb1,faer-4t,checked,1,2.64065
svd_c64,n128xb1,faer-4t,checked,2,2.61868
svd_c64,n128xb1,faer-4t,checked,3,2.83892
svd_c64,n256xb1,faer-1lane,default,1,21.0725
svd_c64,n256xb1,faer-1lane,default,2,22.8082
svd_c64,n256xb1,faer-1lane,default,3,21.2
svd_c64,n256xb1,faer-1lane,always_qr,1,25.7595
svd_c64,n256xb1,faer-1lane,always_qr,2,28.3501
svd_c64,n256xb1,faer-1lane,always_qr,3,25.9877
svd_c64,n256xb1,faer-1lane,checked,1,24.4587
svd_c64,n256xb1,faer-1lane,checked,2,24.4505
svd_c64,n256xb1,faer-1lane,checked,3,25.4819
svd_c64,n256xb1,faer-4t,default,1,14.5665
svd_c64,n256xb1,faer-4t,default,2,15.0086
svd_c64,n256xb1,faer-4t,default,3,13.6815
svd_c64,n256xb1,faer-4t,always_qr,1,19.3549
svd_c64,n256xb1,faer-4t,always_qr,2,19.6759
svd_c64,n256xb1,faer-4t,always_qr,3,19.8926
svd_c64,n256xb1,faer-4t,checked,1,14.6695
svd_c64,n256xb1,faer-4t,checked,2,14.6647
svd_c64,n256xb1,faer-4t,checked,3,15.4102
svd_c64,n4xb1024,faer-1lane,default,1,1.98911
svd_c64,n4xb1024,faer-1lane,default,2,2.13124
svd_c64,n4xb1024,faer-1lane,default,3,1.99762
svd_c64,n4xb1024,faer-1lane,always_qr,1,1.848
svd_c64,n4xb1024,faer-1lane,always_qr,2,2.17727
svd_c64,n4xb1024,faer-1lane,always_qr,3,2.00266
svd_c64,n4xb1024,faer-1lane,checked,1,1.96645
svd_c64,n4xb1024,faer-1lane,checked,2,1.97312
svd_c64,n4xb1024,faer-1lane,checked,3,2.137
svd_c64,n4xb1024,faer-4t,default,1,0.551745
svd_c64,n4xb1024,faer-4t,default,2,0.57443
svd_c64,n4xb1024,faer-4t,default,3,0.533433
svd_c64,n4xb1024,faer-4t,always_qr,1,0.529078
svd_c64,n4xb1024,faer-4t,always_qr,2,0.576032
svd_c64,n4xb1024,faer-4t,always_qr,3,0.535255
svd_c64,n4xb1024,faer-4t,checked,1,0.529969
svd_c64,n4xb1024,faer-4t,checked,2,0.533852
svd_c64,n4xb1024,faer-4t,checked,3,0.654437
svd_c64,t1024x256,faer-1lane,default,1,61.4488
svd_c64,t1024x256,faer-1lane,default,2,68.804
svd_c64,t1024x256,faer-1lane,default,3,62.0982
svd_c64,t1024x256,faer-1lane,always_qr,1,67.1407
svd_c64,t1024x256,faer-1lane,always_qr,2,72.0649
svd_c64,t1024x256,faer-1lane,always_qr,3,66.7372
svd_c64,t1024x256,faer-1lane,checked,1,84.3662
svd_c64,t1024x256,faer-1lane,checked,2,79.2886
svd_c64,t1024x256,faer-1lane,checked,3,76.6042
svd_c64,t1024x256,faer-4t,default,1,29.0048
svd_c64,t1024x256,faer-4t,default,2,32.0001
svd_c64,t1024x256,faer-4t,default,3,29.4279
svd_c64,t1024x256,faer-4t,always_qr,1,35.956
svd_c64,t1024x256,faer-4t,always_qr,2,37.9591
svd_c64,t1024x256,faer-4t,always_qr,3,35.4453
svd_c64,t1024x256,faer-4t,checked,1,36.8961
svd_c64,t1024x256,faer-4t,checked,2,33.9691
svd_c64,t1024x256,faer-4t,checked,3,34.0276
svd_c64,w256x1024,faer-1lane,default,1,61.675
svd_c64,w256x1024,faer-1lane,default,2,62.6521
svd_c64,w256x1024,faer-1lane,default,3,62.453
svd_c64,w256x1024,faer-1lane,always_qr,1,69.1809
svd_c64,w256x1024,faer-1lane,always_qr,2,72.1038
svd_c64,w256x1024,faer-1lane,always_qr,3,67.2144
svd_c64,w256x1024,faer-1lane,checked,1,83.9972
svd_c64,w256x1024,faer-1lane,checked,2,76.5894
svd_c64,w256x1024,faer-1lane,checked,3,76.5537
svd_c64,w256x1024,faer-4t,default,1,29.3624
svd_c64,w256x1024,faer-4t,default,2,32.2458
svd_c64,w256x1024,faer-4t,default,3,29.7296
svd_c64,w256x1024,faer-4t,always_qr,1,37.3439
svd_c64,w256x1024,faer-4t,always_qr,2,38.6869
svd_c64,w256x1024,faer-4t,always_qr,3,35.7637
svd_c64,w256x1024,faer-4t,checked,1,45.7576
svd_c64,w256x1024,faer-4t,checked,2,34.0664
svd_c64,w256x1024,faer-4t,checked,3,34.1515
svd_clustered_c64,n160xb1,faer-1lane,default,1,5.23291
svd_clustered_c64,n160xb1,faer-1lane,default,2,5.63684
svd_clustered_c64,n160xb1,faer-1lane,default,3,5.26189
svd_clustered_c64,n160xb1,faer-1lane,always_qr,1,5.97473
svd_clustered_c64,n160xb1,faer-1lane,always_qr,2,6.55235
svd_clustered_c64,n160xb1,faer-1lane,always_qr,3,6.01416
svd_clustered_c64,n160xb1,faer-1lane,checked,1,12.4863
svd_clustered_c64,n160xb1,faer-1lane,checked,2,12.3096
svd_clustered_c64,n160xb1,faer-1lane,checked,3,12.1071
svd_clustered_c64,n160xb1,faer-4t,default,1,3.49969
svd_clustered_c64,n160xb1,faer-4t,default,2,3.93656
svd_clustered_c64,n160xb1,faer-4t,default,3,3.52743
svd_clustered_c64,n160xb1,faer-4t,always_qr,1,5.56379
svd_clustered_c64,n160xb1,faer-4t,always_qr,2,5.06561
svd_clustered_c64,n160xb1,faer-4t,always_qr,3,4.62024
svd_clustered_c64,n160xb1,faer-4t,checked,1,8.43374
svd_clustered_c64,n160xb1,faer-4t,checked,2,10.0753
svd_clustered_c64,n160xb1,faer-4t,checked,3,8.35766
svd_clustered_c64,n256xb1,faer-1lane,default,1,19.0682
svd_clustered_c64,n256xb1,faer-1lane,default,2,21.2886
svd_clustered_c64,n256xb1,faer-1lane,default,3,19.2476
svd_clustered_c64,n256xb1,faer-1lane,always_qr,1,22.5749
svd_clustered_c64,n256xb1,faer-1lane,always_qr,2,24.8446
svd_clustered_c64,n256xb1,faer-1lane,always_qr,3,22.8697
svd_clustered_c64,n256xb1,faer-1lane,checked,1,22.5262
svd_clustered_c64,n256xb1,faer-1lane,checked,2,24.491
svd_clustered_c64,n256xb1,faer-1lane,checked,3,22.833
svd_clustered_c64,n256xb1,faer-4t,default,1,11.9984
svd_clustered_c64,n256xb1,faer-4t,default,2,13.4635
svd_clustered_c64,n256xb1,faer-4t,default,3,12.1509
svd_clustered_c64,n256xb1,faer-4t,always_qr,1,16.4914
svd_clustered_c64,n256xb1,faer-4t,always_qr,2,18.3547
svd_clustered_c64,n256xb1,faer-4t,always_qr,3,16.6346
svd_clustered_c64,n256xb1,faer-4t,checked,1,13.4794
svd_clustered_c64,n256xb1,faer-4t,checked,2,13.9607
svd_clustered_c64,n256xb1,faer-4t,checked,3,13.2935
svd_clustered_f64,n160xb1,faer-1lane,default,1,2.05294
svd_clustered_f64,n160xb1,faer-1lane,default,2,2.05287
svd_clustered_f64,n160xb1,faer-1lane,default,3,2.08284
svd_clustered_f64,n160xb1,faer-1lane,always_qr,1,3.29417
svd_clustered_f64,n160xb1,faer-1lane,always_qr,2,2.70793
svd_clustered_f64,n160xb1,faer-1lane,always_qr,3,2.48613
svd_clustered_f64,n160xb1,faer-1lane,checked,1,4.61907
svd_clustered_f64,n160xb1,faer-1lane,checked,2,5.08585
svd_clustered_f64,n160xb1,faer-1lane,checked,3,4.90076
svd_clustered_f64,n160xb1,faer-4t,default,1,1.56214
svd_clustered_f64,n160xb1,faer-4t,default,2,1.75827
svd_clustered_f64,n160xb1,faer-4t,default,3,1.56856
svd_clustered_f64,n160xb1,faer-4t,always_qr,1,3.77321
svd_clustered_f64,n160xb1,faer-4t,always_qr,2,2.48553
svd_clustered_f64,n160xb1,faer-4t,always_qr,3,2.23849
svd_clustered_f64,n160xb1,faer-4t,checked,1,3.76987
svd_clustered_f64,n160xb1,faer-4t,checked,2,3.75553
svd_clustered_f64,n160xb1,faer-4t,checked,3,3.77098
svd_clustered_f64,n256xb1,faer-1lane,default,1,7.36069
svd_clustered_f64,n256xb1,faer-1lane,default,2,7.86406
svd_clustered_f64,n256xb1,faer-1lane,default,3,7.41298
svd_clustered_f64,n256xb1,faer-1lane,always_qr,1,15.7624
svd_clustered_f64,n256xb1,faer-1lane,always_qr,2,11.6415
svd_clustered_f64,n256xb1,faer-1lane,always_qr,3,10.6047
svd_clustered_f64,n256xb1,faer-1lane,checked,1,8.04967
svd_clustered_f64,n256xb1,faer-1lane,checked,2,8.27185
svd_clustered_f64,n256xb1,faer-1lane,checked,3,8.04941
svd_clustered_f64,n256xb1,faer-4t,default,1,5.52781
svd_clustered_f64,n256xb1,faer-4t,default,2,5.5347
svd_clustered_f64,n256xb1,faer-4t,default,3,5.54671
svd_clustered_f64,n256xb1,faer-4t,always_qr,1,16.1328
svd_clustered_f64,n256xb1,faer-4t,always_qr,2,10.6731
svd_clustered_f64,n256xb1,faer-4t,always_qr,3,9.64113
svd_clustered_f64,n256xb1,faer-4t,checked,1,5.76819
svd_clustered_f64,n256xb1,faer-4t,checked,2,6.60257
svd_clustered_f64,n256xb1,faer-4t,checked,3,5.79367
svd_f64,n1024xb1,faer-1lane,default,1,363.143
svd_f64,n1024xb1,faer-1lane,default,2,374.662
svd_f64,n1024xb1,faer-1lane,default,3,365.498
svd_f64,n1024xb1,faer-1lane,always_qr,1,801.854
svd_f64,n1024xb1,faer-1lane,always_qr,2,798.954
svd_f64,n1024xb1,faer-1lane,always_qr,3,735.852
svd_f64,n1024xb1,faer-1lane,checked,1,405.221
svd_f64,n1024xb1,faer-1lane,checked,2,438.433
svd_f64,n1024xb1,faer-1lane,checked,3,408.196
svd_f64,n1024xb1,faer-4t,default,1,164.904
svd_f64,n1024xb1,faer-4t,default,2,171.814
svd_f64,n1024xb1,faer-4t,default,3,168.304
svd_f64,n1024xb1,faer-4t,always_qr,1,850.345
svd_f64,n1024xb1,faer-4t,always_qr,2,638.462
svd_f64,n1024xb1,faer-4t,always_qr,3,583.569
svd_f64,n1024xb1,faer-4t,checked,1,180.604
svd_f64,n1024xb1,faer-4t,checked,2,195.885
svd_f64,n1024xb1,faer-4t,checked,3,180.943
svd_f64,n128xb1,faer-1lane,default,1,1.7854
svd_f64,n128xb1,faer-1lane,default,2,1.74573
svd_f64,n128xb1,faer-1lane,default,3,1.75196
svd_f64,n128xb1,faer-1lane,always_qr,1,2.20603
svd_f64,n128xb1,faer-1lane,always_qr,2,2.47425
svd_f64,n128xb1,faer-1lane,always_qr,3,2.27076
svd_f64,n128xb1,faer-1lane,checked,1,1.85266
svd_f64,n128xb1,faer-1lane,checked,2,1.99105
svd_f64,n128xb1,faer-1lane,checked,3,1.86128
svd_f64,n128xb1,faer-4t,default,1,1.41573
svd_f64,n128xb1,faer-4t,default,2,1.3832
svd_f64,n128xb1,faer-4t,default,3,1.36998
svd_f64,n128xb1,faer-4t,always_qr,1,2.48829
svd_f64,n128xb1,faer-4t,always_qr,2,2.46136
svd_f64,n128xb1,faer-4t,always_qr,3,2.21241
svd_f64,n128xb1,faer-4t,checked,1,1.44294
svd_f64,n128xb1,faer-4t,checked,2,1.65549
svd_f64,n128xb1,faer-4t,checked,3,1.45082
svd_f64,n256xb1,faer-1lane,default,1,9.6489
svd_f64,n256xb1,faer-1lane,default,2,9.62804
svd_f64,n256xb1,faer-1lane,default,3,9.67148
svd_f64,n256xb1,faer-1lane,always_qr,1,22.6298
svd_f64,n256xb1,faer-1lane,always_qr,2,15.9813
svd_f64,n256xb1,faer-1lane,always_qr,3,14.4994
svd_f64,n256xb1,faer-1lane,checked,1,10.3436
svd_f64,n256xb1,faer-1lane,checked,2,11.2545
svd_f64,n256xb1,faer-1lane,checked,3,10.4162
svd_f64,n256xb1,faer-4t,default,1,7.29713
svd_f64,n256xb1,faer-4t,default,2,7.35802
svd_f64,n256xb1,faer-4t,default,3,7.35111
svd_f64,n256xb1,faer-4t,always_qr,1,22.8586
svd_f64,n256xb1,faer-4t,always_qr,2,15.0159
svd_f64,n256xb1,faer-4t,always_qr,3,13.489
svd_f64,n256xb1,faer-4t,checked,1,7.57306
svd_f64,n256xb1,faer-4t,checked,2,8.1896
svd_f64,n256xb1,faer-4t,checked,3,7.60729
svd_f64,n2xb1,faer-1lane,default,1,0.000642602
svd_f64,n2xb1,faer-1lane,default,2,0.000615903
svd_f64,n2xb1,faer-1lane,default,3,0.000613118
svd_f64,n2xb1,faer-1lane,always_qr,1,0.000613363
svd_f64,n2xb1,faer-1lane,always_qr,2,0.000678809
svd_f64,n2xb1,faer-1lane,always_qr,3,0.000615297
svd_f64,n2xb1,faer-1lane,checked,1,0.000550445
svd_f64,n2xb1,faer-1lane,checked,2,0.000601517
svd_f64,n2xb1,faer-1lane,checked,3,0.000561715
svd_f64,n2xb1,faer-4t,default,1,0.00524379
svd_f64,n2xb1,faer-4t,default,2,0.00527169
svd_f64,n2xb1,faer-4t,default,3,0.00516871
svd_f64,n2xb1,faer-4t,always_qr,1,0.00510633
svd_f64,n2xb1,faer-4t,always_qr,2,0.00609823
svd_f64,n2xb1,faer-4t,always_qr,3,0.00528127
svd_f64,n2xb1,faer-4t,checked,1,0.00536428
svd_f64,n2xb1,faer-4t,checked,2,0.0061029
svd_f64,n2xb1,faer-4t,checked,3,0.00531963
svd_f64,n2xb1024,faer-1lane,default,1,0.441963
svd_f64,n2xb1024,faer-1lane,default,2,0.451568
svd_f64,n2xb1024,faer-1lane,default,3,0.439093
svd_f64,n2xb1024,faer-1lane,always_qr,1,0.441153
svd_f64,n2xb1024,faer-1lane,always_qr,2,0.481358
svd_f64,n2xb1024,faer-1lane,always_qr,3,0.443243
svd_f64,n2xb1024,faer-1lane,checked,1,0.38886
svd_f64,n2xb1024,faer-1lane,checked,2,0.40407
svd_f64,n2xb1024,faer-1lane,checked,3,0.378812
svd_f64,n2xb1024,faer-4t,default,1,0.112913
svd_f64,n2xb1024,faer-4t,default,2,0.112529
svd_f64,n2xb1024,faer-4t,default,3,0.111146
svd_f64,n2xb1024,faer-4t,always_qr,1,0.111227
svd_f64,n2xb1024,faer-4t,always_qr,2,0.126621
svd_f64,n2xb1024,faer-4t,always_qr,3,0.113117
svd_f64,n2xb1024,faer-4t,checked,1,0.210806
svd_f64,n2xb1024,faer-4t,checked,2,0.127496
svd_f64,n2xb1024,faer-4t,checked,3,0.113208
svd_f64,n2xb3,faer-1lane,default,1,0.001517
svd_f64,n2xb3,faer-1lane,default,2,0.00154301
svd_f64,n2xb3,faer-1lane,default,3,0.00149123
svd_f64,n2xb3,faer-1lane,always_qr,1,0.00142582
svd_f64,n2xb3,faer-1lane,always_qr,2,0.00164321
svd_f64,n2xb3,faer-1lane,always_qr,3,0.00150505
svd_f64,n2xb3,faer-1lane,checked,1,0.00131963
svd_f64,n2xb3,faer-1lane,checked,2,0.00142443
svd_f64,n2xb3,faer-1lane,checked,3,0.00132206
svd_f64,n2xb3,faer-4t,default,1,0.0064018
svd_f64,n2xb3,faer-4t,default,2,0.00659549
svd_f64,n2xb3,faer-4t,default,3,0.00637305
svd_f64,n2xb3,faer-4t,always_qr,1,0.00638216
svd_f64,n2xb3,faer-4t,always_qr,2,0.00740628
svd_f64,n2xb3,faer-4t,always_qr,3,0.00651383
svd_f64,n2xb3,faer-4t,checked,1,0.00652877
svd_f64,n2xb3,faer-4t,checked,2,0.00746127
svd_f64,n2xb3,faer-4t,checked,3,0.00662744
svd_f64,n2xb4,faer-1lane,default,1,0.00196106
svd_f64,n2xb4,faer-1lane,default,2,0.0019428
svd_f64,n2xb4,faer-1lane,default,3,0.00191546
svd_f64,n2xb4,faer-1lane,always_qr,1,0.0018367
svd_f64,n2xb4,faer-1lane,always_qr,2,0.00208035
svd_f64,n2xb4,faer-1lane,always_qr,3,0.00193305
svd_f64,n2xb4,faer-1lane,checked,1,0.0016863
svd_f64,n2xb4,faer-1lane,checked,2,0.00182399
svd_f64,n2xb4,faer-1lane,checked,3,0.00168871
svd_f64,n2xb4,faer-4t,default,1,0.00674281
svd_f64,n2xb4,faer-4t,default,2,0.00687546
svd_f64,n2xb4,faer-4t,default,3,0.0066501
svd_f64,n2xb4,faer-4t,always_qr,1,0.00659767
svd_f64,n2xb4,faer-4t,always_qr,2,0.00827059
svd_f64,n2xb4,faer-4t,always_qr,3,0.00679139
svd_f64,n2xb4,faer-4t,checked,1,0.00691013
svd_f64,n2xb4,faer-4t,checked,2,0.0079216
svd_f64,n2xb4,faer-4t,checked,3,0.00684092
svd_f64,n2xb8,faer-1lane,default,1,0.0036739
svd_f64,n2xb8,faer-1lane,default,2,0.00371812
svd_f64,n2xb8,faer-1lane,default,3,0.00363915
svd_f64,n2xb8,faer-1lane,always_qr,1,0.00349748
svd_f64,n2xb8,faer-1lane,always_qr,2,0.00390024
svd_f64,n2xb8,faer-1lane,always_qr,3,0.00365904
svd_f64,n2xb8,faer-1lane,checked,1,0.00315018
svd_f64,n2xb8,faer-1lane,checked,2,0.00341992
svd_f64,n2xb8,faer-1lane,checked,3,0.0031898
svd_f64,n2xb8,faer-4t,default,1,0.00749951
svd_f64,n2xb8,faer-4t,default,2,0.00837788
svd_f64,n2xb8,faer-4t,default,3,0.00743554
svd_f64,n2xb8,faer-4t,always_qr,1,0.0073732
svd_f64,n2xb8,faer-4t,always_qr,2,0.00934142
svd_f64,n2xb8,faer-4t,always_qr,3,0.00749349
svd_f64,n2xb8,faer-4t,checked,1,0.0075061
svd_f64,n2xb8,faer-4t,checked,2,0.00898555
svd_f64,n2xb8,faer-4t,checked,3,0.00760098
svd_f64,n32xb1,faer-1lane,default,1,0.0959284
svd_f64,n32xb1,faer-1lane,default,2,0.0955877
svd_f64,n32xb1,faer-1lane,default,3,0.0955066
svd_f64,n32xb1,faer-1lane,always_qr,1,0.117576
svd_f64,n32xb1,faer-1lane,always_qr,2,0.105127
svd_f64,n32xb1,faer-1lane,always_qr,3,0.0958067
svd_f64,n32xb1,faer-1lane,checked,1,0.0950901
svd_f64,n32xb1,faer-1lane,checked,2,0.104288
svd_f64,n32xb1,faer-1lane,checked,3,0.0952668
svd_f64,n32xb1,faer-4t,default,1,0.109485
svd_f64,n32xb1,faer-4t,default,2,0.107354
svd_f64,n32xb1,faer-4t,default,3,0.107711
svd_f64,n32xb1,faer-4t,always_qr,1,0.105904
svd_f64,n32xb1,faer-4t,always_qr,2,0.116896
svd_f64,n32xb1,faer-4t,always_qr,3,0.107915
svd_f64,n32xb1,faer-4t,checked,1,0.108234
svd_f64,n32xb1,faer-4t,checked,2,0.112668
svd_f64,n32xb1,faer-4t,checked,3,0.107385
svd_f64,n4xb1,faer-1lane,default,1,0.00183304
svd_f64,n4xb1,faer-1lane,default,2,0.00190519
svd_f64,n4xb1,faer-1lane,default,3,0.00178416
svd_f64,n4xb1,faer-1lane,always_qr,1,0.00178259
svd_f64,n4xb1,faer-1lane,always_qr,2,0.00196196
svd_f64,n4xb1,faer-1lane,always_qr,3,0.00179442
svd_f64,n4xb1,faer-1lane,checked,1,0.00178541
svd_f64,n4xb1,faer-1lane,checked,2,0.001932
svd_f64,n4xb1,faer-1lane,checked,3,0.00175961
svd_f64,n4xb1,faer-4t,default,1,0.00700695
svd_f64,n4xb1,faer-4t,default,2,0.00739392
svd_f64,n4xb1,faer-4t,default,3,0.00695791
svd_f64,n4xb1,faer-4t,always_qr,1,0.00689918
svd_f64,n4xb1,faer-4t,always_qr,2,0.00798338
svd_f64,n4xb1,faer-4t,always_qr,3,0.00707497
svd_f64,n4xb1,faer-4t,checked,1,0.00707952
svd_f64,n4xb1,faer-4t,checked,2,0.0080624
svd_f64,n4xb1,faer-4t,checked,3,0.00731288
svd_f64,n4xb1024,faer-1lane,default,1,1.70877
svd_f64,n4xb1024,faer-1lane,default,2,1.72206
svd_f64,n4xb1024,faer-1lane,default,3,1.6615
svd_f64,n4xb1024,faer-1lane,always_qr,1,1.74935
svd_f64,n4xb1024,faer-1lane,always_qr,2,1.77279
svd_f64,n4xb1024,faer-1lane,always_qr,3,1.67104
svd_f64,n4xb1024,faer-1lane,checked,1,1.62057
svd_f64,n4xb1024,faer-1lane,checked,2,1.61109
svd_f64,n4xb1024,faer-1lane,checked,3,1.63714
svd_f64,n4xb1024,faer-4t,default,1,0.438993
svd_f64,n4xb1024,faer-4t,default,2,0.490002
svd_f64,n4xb1024,faer-4t,default,3,0.436299
svd_f64,n4xb1024,faer-4t,always_qr,1,0.430436
svd_f64,n4xb1024,faer-4t,always_qr,2,0.463352
svd_f64,n4xb1024,faer-4t,always_qr,3,0.435383
svd_f64,n4xb1024,faer-4t,checked,1,0.437388
svd_f64,n4xb1024,faer-4t,checked,2,0.465885
svd_f64,n4xb1024,faer-4t,checked,3,0.443018
svd_f64,n4xb3,faer-1lane,default,1,0.00514295
svd_f64,n4xb3,faer-1lane,default,2,0.00512469
svd_f64,n4xb3,faer-1lane,default,3,0.00545575
svd_f64,n4xb3,faer-1lane,always_qr,1,0.00492431
svd_f64,n4xb3,faer-1lane,always_qr,2,0.00560509
svd_f64,n4xb3,faer-1lane,always_qr,3,0.00509728
svd_f64,n4xb3,faer-1lane,checked,1,0.00495143
svd_f64,n4xb3,faer-1lane,checked,2,0.00538643
svd_f64,n4xb3,faer-1lane,checked,3,0.00499073
svd_f64,n4xb3,faer-4t,default,1,0.0121367
svd_f64,n4xb3,faer-4t,default,2,0.0120109
svd_f64,n4xb3,faer-4t,default,3,0.0130789
svd_f64,n4xb3,faer-4t,always_qr,1,0.0117528
svd_f64,n4xb3,faer-4t,always_qr,2,0.0126505
svd_f64,n4xb3,faer-4t,always_qr,3,0.0119691
svd_f64,n4xb3,faer-4t,checked,1,0.0121433
svd_f64,n4xb3,faer-4t,checked,2,0.0127852
svd_f64,n4xb3,faer-4t,checked,3,0.0123167
svd_f64,n4xb4,faer-1lane,default,1,0.00720443
svd_f64,n4xb4,faer-1lane,default,2,0.00702717
svd_f64,n4xb4,faer-1lane,default,3,0.00712788
svd_f64,n4xb4,faer-1lane,always_qr,1,0.00647958
svd_f64,n4xb4,faer-1lane,always_qr,2,0.00752666
svd_f64,n4xb4,faer-1lane,always_qr,3,0.00679955
svd_f64,n4xb4,faer-1lane,checked,1,0.00659495
svd_f64,n4xb4,faer-1lane,checked,2,0.00660676
svd_f64,n4xb4,faer-1lane,checked,3,0.00671525
svd_f64,n4xb4,faer-4t,default,1,0.0106143
svd_f64,n4xb4,faer-4t,default,2,0.0101438
svd_f64,n4xb4,faer-4t,default,3,0.0103382
svd_f64,n4xb4,faer-4t,always_qr,1,0.0100696
svd_f64,n4xb4,faer-4t,always_qr,2,0.0114893
svd_f64,n4xb4,faer-4t,always_qr,3,0.0103601
svd_f64,n4xb4,faer-4t,checked,1,0.0110283
svd_f64,n4xb4,faer-4t,checked,2,0.010454
svd_f64,n4xb4,faer-4t,checked,3,0.0112621
svd_f64,n4xb8,faer-1lane,default,1,0.0135376
svd_f64,n4xb8,faer-1lane,default,2,0.0132928
svd_f64,n4xb8,faer-1lane,default,3,0.0132643
svd_f64,n4xb8,faer-1lane,always_qr,1,0.0125162
svd_f64,n4xb8,faer-1lane,always_qr,2,0.0141539
svd_f64,n4xb8,faer-1lane,always_qr,3,0.0132228
svd_f64,n4xb8,faer-1lane,checked,1,0.013028
svd_f64,n4xb8,faer-1lane,checked,2,0.0128408
svd_f64,n4xb8,faer-1lane,checked,3,0.0135404
svd_f64,n4xb8,faer-4t,default,1,0.0125525
svd_f64,n4xb8,faer-4t,default,2,0.0123075
svd_f64,n4xb8,faer-4t,default,3,0.0123087
svd_f64,n4xb8,faer-4t,always_qr,1,0.0121371
svd_f64,n4xb8,faer-4t,always_qr,2,0.0144604
svd_f64,n4xb8,faer-4t,always_qr,3,0.0123105
svd_f64,n4xb8,faer-4t,checked,1,0.0135087
svd_f64,n4xb8,faer-4t,checked,2,0.0124579
svd_f64,n4xb8,faer-4t,checked,3,0.0133607
svd_f64,n512xb1,faer-1lane,default,1,56.0712
svd_f64,n512xb1,faer-1lane,default,2,55.604
svd_f64,n512xb1,faer-1lane,default,3,55.6534
svd_f64,n512xb1,faer-1lane,always_qr,1,98.912
svd_f64,n512xb1,faer-1lane,always_qr,2,104.162
svd_f64,n512xb1,faer-1lane,always_qr,3,99.3678
svd_f64,n512xb1,faer-1lane,checked,1,60.9199
svd_f64,n512xb1,faer-1lane,checked,2,66.3553
svd_f64,n512xb1,faer-1lane,checked,3,61.0877
svd_f64,n512xb1,faer-4t,default,1,34.4269
svd_f64,n512xb1,faer-4t,default,2,34.3468
svd_f64,n512xb1,faer-4t,default,3,34.312
svd_f64,n512xb1,faer-4t,always_qr,1,85.9972
svd_f64,n512xb1,faer-4t,always_qr,2,97.5265
svd_f64,n512xb1,faer-4t,always_qr,3,88.2168
svd_f64,n512xb1,faer-4t,checked,1,35.9246
svd_f64,n512xb1,faer-4t,checked,2,40.0349
svd_f64,n512xb1,faer-4t,checked,3,36.2435
svd_f64,n8xb1,faer-1lane,default,1,0.00600452
svd_f64,n8xb1,faer-1lane,default,2,0.00609154
svd_f64,n8xb1,faer-1lane,default,3,0.00598115
svd_f64,n8xb1,faer-1lane,always_qr,1,0.00577223
svd_f64,n8xb1,faer-1lane,always_qr,2,0.00655796
svd_f64,n8xb1,faer-1lane,always_qr,3,0.00599537
svd_f64,n8xb1,faer-1lane,checked,1,0.00633313
svd_f64,n8xb1,faer-1lane,checked,2,0.0062664
svd_f64,n8xb1,faer-1lane,checked,3,0.00591043
svd_f64,n8xb1,faer-4t,default,1,0.0130196
svd_f64,n8xb1,faer-4t,default,2,0.0130139
svd_f64,n8xb1,faer-4t,default,3,0.0131461
svd_f64,n8xb1,faer-4t,always_qr,1,0.0207534
svd_f64,n8xb1,faer-4t,always_qr,2,0.0136128
svd_f64,n8xb1,faer-4t,always_qr,3,0.0130607
svd_f64,n8xb1,faer-4t,checked,1,0.0140487
svd_f64,n8xb1,faer-4t,checked,2,0.0137109
svd_f64,n8xb1,faer-4t,checked,3,0.0131394
svd_f64,n8xb1024,faer-1lane,default,1,6.09308
svd_f64,n8xb1024,faer-1lane,default,2,6.11887
svd_f64,n8xb1024,faer-1lane,default,3,6.07613
svd_f64,n8xb1024,faer-1lane,always_qr,1,7.19994
svd_f64,n8xb1024,faer-1lane,always_qr,2,6.68115
svd_f64,n8xb1024,faer-1lane,always_qr,3,6.05711
svd_f64,n8xb1024,faer-1lane,checked,1,6.25217
svd_f64,n8xb1024,faer-1lane,checked,2,6.53946
svd_f64,n8xb1024,faer-1lane,checked,3,6.00233
svd_f64,n8xb1024,faer-4t,default,1,1.57852
svd_f64,n8xb1024,faer-4t,default,2,1.58471
svd_f64,n8xb1024,faer-4t,default,3,1.58501
svd_f64,n8xb1024,faer-4t,always_qr,1,4.1831
svd_f64,n8xb1024,faer-4t,always_qr,2,1.6747
svd_f64,n8xb1024,faer-4t,always_qr,3,1.58359
svd_f64,n8xb1024,faer-4t,checked,1,1.61584
svd_f64,n8xb1024,faer-4t,checked,2,1.67754
svd_f64,n8xb1024,faer-4t,checked,3,1.58482
svd_f64,n8xb3,faer-1lane,default,1,0.0177527
svd_f64,n8xb3,faer-1lane,default,2,0.0180152
svd_f64,n8xb3,faer-1lane,default,3,0.0176773
svd_f64,n8xb3,faer-1lane,always_qr,1,0.0211577
svd_f64,n8xb3,faer-1lane,always_qr,2,0.0191163
svd_f64,n8xb3,faer-1lane,always_qr,3,0.0178502
svd_f64,n8xb3,faer-1lane,checked,1,0.0175595
svd_f64,n8xb3,faer-1lane,checked,2,0.0184678
svd_f64,n8xb3,faer-1lane,checked,3,0.0175316
svd_f64,n8xb3,faer-4t,default,1,0.0273074
svd_f64,n8xb3,faer-4t,default,2,0.0273497
svd_f64,n8xb3,faer-4t,default,3,0.0271469
svd_f64,n8xb3,faer-4t,always_qr,1,0.0425666
svd_f64,n8xb3,faer-4t,always_qr,2,0.0277321
svd_f64,n8xb3,faer-4t,always_qr,3,0.0272339
svd_f64,n8xb3,faer-4t,checked,1,0.0274633
svd_f64,n8xb3,faer-4t,checked,2,0.0277264
svd_f64,n8xb3,faer-4t,checked,3,0.0271203
svd_f64,n8xb4,faer-1lane,default,1,0.0246933
svd_f64,n8xb4,faer-1lane,default,2,0.0240227
svd_f64,n8xb4,faer-1lane,default,3,0.0239596
svd_f64,n8xb4,faer-1lane,always_qr,1,0.0323184
svd_f64,n8xb4,faer-1lane,always_qr,2,0.0262475
svd_f64,n8xb4,faer-1lane,always_qr,3,0.0240254
svd_f64,n8xb4,faer-1lane,checked,1,0.0321124
svd_f64,n8xb4,faer-1lane,checked,2,0.0251146
svd_f64,n8xb4,faer-1lane,checked,3,0.0238019
svd_f64,n8xb4,faer-4t,default,1,0.0159487
svd_f64,n8xb4,faer-4t,default,2,0.0158022
svd_f64,n8xb4,faer-4t,default,3,0.0160474
svd_f64,n8xb4,faer-4t,always_qr,1,0.0368452
svd_f64,n8xb4,faer-4t,always_qr,2,0.022152
svd_f64,n8xb4,faer-4t,always_qr,3,0.0160775
svd_f64,n8xb4,faer-4t,checked,1,0.0162984
svd_f64,n8xb4,faer-4t,checked,2,0.0210382
svd_f64,n8xb4,faer-4t,checked,3,0.016003
svd_f64,n8xb8,faer-1lane,default,1,0.04735
svd_f64,n8xb8,faer-1lane,default,2,0.0469904
svd_f64,n8xb8,faer-1lane,default,3,0.0471134
svd_f64,n8xb8,faer-1lane,always_qr,1,0.0817662
svd_f64,n8xb8,faer-1lane,always_qr,2,0.0512668
svd_f64,n8xb8,faer-1lane,always_qr,3,0.0472575
svd_f64,n8xb8,faer-1lane,checked,1,0.0634561
svd_f64,n8xb8,faer-1lane,checked,2,0.049076
svd_f64,n8xb8,faer-1lane,checked,3,0.0464795
svd_f64,n8xb8,faer-4t,default,1,0.023487
svd_f64,n8xb8,faer-4t,default,2,0.0239308
svd_f64,n8xb8,faer-4t,default,3,0.0231299
svd_f64,n8xb8,faer-4t,always_qr,1,0.0505048
svd_f64,n8xb8,faer-4t,always_qr,2,0.0311532
svd_f64,n8xb8,faer-4t,always_qr,3,0.0235171
svd_f64,n8xb8,faer-4t,checked,1,0.034247
svd_f64,n8xb8,faer-4t,checked,2,0.0303746
svd_f64,n8xb8,faer-4t,checked,3,0.0236671
svd_f64,t1024x256,faer-1lane,default,1,18.8071
svd_f64,t1024x256,faer-1lane,default,2,19.1231
svd_f64,t1024x256,faer-1lane,default,3,19.0995
svd_f64,t1024x256,faer-1lane,always_qr,1,23.4334
svd_f64,t1024x256,faer-1lane,always_qr,2,25.6918
svd_f64,t1024x256,faer-1lane,always_qr,3,23.7642
svd_f64,t1024x256,faer-1lane,checked,1,21.6611
svd_f64,t1024x256,faer-1lane,checked,2,23.4601
svd_f64,t1024x256,faer-1lane,checked,3,22.0388
svd_f64,t1024x256,faer-4t,default,1,12.3008
svd_f64,t1024x256,faer-4t,default,2,12.6545
svd_f64,t1024x256,faer-4t,default,3,12.4698
svd_f64,t1024x256,faer-4t,always_qr,1,18.016
svd_f64,t1024x256,faer-4t,always_qr,2,20.4717
svd_f64,t1024x256,faer-4t,always_qr,3,18.5723
svd_f64,t1024x256,faer-4t,checked,1,13.386
svd_f64,t1024x256,faer-4t,checked,2,14.7739
svd_f64,t1024x256,faer-4t,checked,3,13.5217
svd_f64,t64x24,faer-1lane,default,1,0.072426
svd_f64,t64x24,faer-1lane,default,2,0.0721143
svd_f64,t64x24,faer-1lane,default,3,0.0725122
svd_f64,t64x24,faer-1lane,always_qr,1,0.110203
svd_f64,t64x24,faer-1lane,always_qr,2,0.0801957
svd_f64,t64x24,faer-1lane,always_qr,3,0.0728069
svd_f64,t64x24,faer-1lane,checked,1,0.0866906
svd_f64,t64x24,faer-1lane,checked,2,0.076941
svd_f64,t64x24,faer-1lane,checked,3,0.0724366
svd_f64,t64x24,faer-4t,default,1,0.085552
svd_f64,t64x24,faer-4t,default,2,0.0843279
svd_f64,t64x24,faer-4t,default,3,0.08585
svd_f64,t64x24,faer-4t,always_qr,1,0.117209
svd_f64,t64x24,faer-4t,always_qr,2,0.0913451
svd_f64,t64x24,faer-4t,always_qr,3,0.0854534
svd_f64,t64x24,faer-4t,checked,1,0.0863478
svd_f64,t64x24,faer-4t,checked,2,0.0884261
svd_f64,t64x24,faer-4t,checked,3,0.0851301
svd_f64,w256x1024,faer-1lane,default,1,19.0624
svd_f64,w256x1024,faer-1lane,default,2,18.951
svd_f64,w256x1024,faer-1lane,default,3,19.2081
svd_f64,w256x1024,faer-1lane,always_qr,1,23.5707
svd_f64,w256x1024,faer-1lane,always_qr,2,25.552
svd_f64,w256x1024,faer-1lane,always_qr,3,23.8678
svd_f64,w256x1024,faer-1lane,checked,1,22.0229
svd_f64,w256x1024,faer-1lane,checked,2,23.8585
svd_f64,w256x1024,faer-1lane,checked,3,22.016
svd_f64,w256x1024,faer-4t,default,1,12.676
svd_f64,w256x1024,faer-4t,default,2,15.3688
svd_f64,w256x1024,faer-4t,default,3,12.5828
svd_f64,w256x1024,faer-4t,always_qr,1,18.1318
svd_f64,w256x1024,faer-4t,always_qr,2,20.8335
svd_f64,w256x1024,faer-4t,always_qr,3,18.6186
svd_f64,w256x1024,faer-4t,checked,1,13.4429
svd_f64,w256x1024,faer-4t,checked,2,14.8806
svd_f64,w256x1024,faer-4t,checked,3,13.5882
svd_full_c64,n1024xb1,faer-1lane,default,1,1035.68
svd_full_c64,n1024xb1,faer-1lane,default,2,1142.56
svd_full_c64,n1024xb1,faer-1lane,default,3,1042.63
svd_full_c64,n1024xb1,faer-1lane,always_qr,1,1511.32
svd_full_c64,n1024xb1,faer-1lane,always_qr,2,1517.1
svd_full_c64,n1024xb1,faer-1lane,always_qr,3,1413.51
svd_full_c64,n1024xb1,faer-1lane,checked,1,1326.96
svd_full_c64,n1024xb1,faer-1lane,checked,2,1269.83
svd_full_c64,n1024xb1,faer-1lane,checked,3,1270.29
svd_full_c64,n1024xb1,faer-4t,default,1,358.253
svd_full_c64,n1024xb1,faer-4t,default,2,390.066
svd_full_c64,n1024xb1,faer-4t,default,3,362.379
svd_full_c64,n1024xb1,faer-4t,always_qr,1,832.233
svd_full_c64,n1024xb1,faer-4t,always_qr,2,851.232
svd_full_c64,n1024xb1,faer-4t,always_qr,3,780.893
svd_full_c64,n1024xb1,faer-4t,checked,1,489.082
svd_full_c64,n1024xb1,faer-4t,checked,2,518.072
svd_full_c64,n1024xb1,faer-4t,checked,3,424.411
svd_full_c64,n256xb1,faer-1lane,default,1,21.0201
svd_full_c64,n256xb1,faer-1lane,default,2,23.3624
svd_full_c64,n256xb1,faer-1lane,default,3,21.2852
svd_full_c64,n256xb1,faer-1lane,always_qr,1,26.3593
svd_full_c64,n256xb1,faer-1lane,always_qr,2,28.3799
svd_full_c64,n256xb1,faer-1lane,always_qr,3,26.0283
svd_full_c64,n256xb1,faer-1lane,checked,1,26.2416
svd_full_c64,n256xb1,faer-1lane,checked,2,25.1334
svd_full_c64,n256xb1,faer-1lane,checked,3,24.8888
svd_full_c64,n256xb1,faer-4t,default,1,13.5552
svd_full_c64,n256xb1,faer-4t,default,2,15.098
svd_full_c64,n256xb1,faer-4t,default,3,13.6476
svd_full_c64,n256xb1,faer-4t,always_qr,1,20.7404
svd_full_c64,n256xb1,faer-4t,always_qr,2,19.7112
svd_full_c64,n256xb1,faer-4t,always_qr,3,19.7748
svd_full_c64,n256xb1,faer-4t,checked,1,17.3129
svd_full_c64,n256xb1,faer-4t,checked,2,14.8623
svd_full_c64,n256xb1,faer-4t,checked,3,14.9062
svd_full_c64,t1024x256,faer-1lane,default,1,138.289
svd_full_c64,t1024x256,faer-1lane,default,2,149.731
svd_full_c64,t1024x256,faer-1lane,default,3,139.621
svd_full_c64,t1024x256,faer-1lane,always_qr,1,143.829
svd_full_c64,t1024x256,faer-1lane,always_qr,2,157.592
svd_full_c64,t1024x256,faer-1lane,always_qr,3,144.455
svd_full_c64,t1024x256,faer-1lane,checked,1,153.241
svd_full_c64,t1024x256,faer-1lane,checked,2,154.767
svd_full_c64,t1024x256,faer-1lane,checked,3,155.08
svd_full_c64,t1024x256,faer-4t,default,1,52.241
svd_full_c64,t1024x256,faer-4t,default,2,56.8474
svd_full_c64,t1024x256,faer-4t,default,3,52.484
svd_full_c64,t1024x256,faer-4t,always_qr,1,60.1661
svd_full_c64,t1024x256,faer-4t,always_qr,2,63.3975
svd_full_c64,t1024x256,faer-4t,always_qr,3,59.4563
svd_full_c64,t1024x256,faer-4t,checked,1,61.2372
svd_full_c64,t1024x256,faer-4t,checked,2,57.9291
svd_full_c64,t1024x256,faer-4t,checked,3,57.7817
svd_full_c64,w256x1024,faer-1lane,default,1,139.077
svd_full_c64,w256x1024,faer-1lane,default,2,149.964
svd_full_c64,w256x1024,faer-1lane,default,3,139.572
svd_full_c64,w256x1024,faer-1lane,always_qr,1,142.75
svd_full_c64,w256x1024,faer-1lane,always_qr,2,158.143
svd_full_c64,w256x1024,faer-1lane,always_qr,3,144.075
svd_full_c64,w256x1024,faer-1lane,checked,1,160.8
svd_full_c64,w256x1024,faer-1lane,checked,2,155.661
svd_full_c64,w256x1024,faer-1lane,checked,3,155.656
svd_full_c64,w256x1024,faer-4t,default,1,53.8502
svd_full_c64,w256x1024,faer-4t,default,2,57.3705
svd_full_c64,w256x1024,faer-4t,default,3,53.1792
svd_full_c64,w256x1024,faer-4t,always_qr,1,59.7367
svd_full_c64,w256x1024,faer-4t,always_qr,2,63.9151
svd_full_c64,w256x1024,faer-4t,always_qr,3,59.1246
svd_full_c64,w256x1024,faer-4t,checked,1,64.487
svd_full_c64,w256x1024,faer-4t,checked,2,58.6341
svd_full_c64,w256x1024,faer-4t,checked,3,58.4821
svd_full_f64,n1024xb1,faer-1lane,default,1,362.087
svd_full_f64,n1024xb1,faer-1lane,default,2,364.499
svd_full_f64,n1024xb1,faer-1lane,default,3,367.241
svd_full_f64,n1024xb1,faer-1lane,always_qr,1,718.829
svd_full_f64,n1024xb1,faer-1lane,always_qr,2,793.769
svd_full_f64,n1024xb1,faer-1lane,always_qr,3,730.279
svd_full_f64,n1024xb1,faer-1lane,checked,1,417.194
svd_full_f64,n1024xb1,faer-1lane,checked,2,448.713
svd_full_f64,n1024xb1,faer-1lane,checked,3,409.226
svd_full_f64,n1024xb1,faer-4t,default,1,171.645
svd_full_f64,n1024xb1,faer-4t,default,2,182.047
svd_full_f64,n1024xb1,faer-4t,default,3,169.05
svd_full_f64,n1024xb1,faer-4t,always_qr,1,576.942
svd_full_f64,n1024xb1,faer-4t,always_qr,2,639.396
svd_full_f64,n1024xb1,faer-4t,always_qr,3,586.359
svd_full_f64,n1024xb1,faer-4t,checked,1,184.551
svd_full_f64,n1024xb1,faer-4t,checked,2,196.798
svd_full_f64,n1024xb1,faer-4t,checked,3,180.171
svd_full_f64,n256xb1,faer-1lane,default,1,9.62986
svd_full_f64,n256xb1,faer-1lane,default,2,9.80808
svd_full_f64,n256xb1,faer-1lane,default,3,9.69794
svd_full_f64,n256xb1,faer-1lane,always_qr,1,14.3627
svd_full_f64,n256xb1,faer-1lane,always_qr,2,14.3728
svd_full_f64,n256xb1,faer-1lane,always_qr,3,14.4565
svd_full_f64,n256xb1,faer-1lane,checked,1,10.3524
svd_full_f64,n256xb1,faer-1lane,checked,2,11.4303
svd_full_f64,n256xb1,faer-1lane,checked,3,10.4972
svd_full_f64,n256xb1,faer-4t,default,1,7.29611
svd_full_f64,n256xb1,faer-4t,default,2,7.45183
svd_full_f64,n256xb1,faer-4t,default,3,7.35559
svd_full_f64,n256xb1,faer-4t,always_qr,1,13.1544
svd_full_f64,n256xb1,faer-4t,always_qr,2,13.8658
svd_full_f64,n256xb1,faer-4t,always_qr,3,13.5366
svd_full_f64,n256xb1,faer-4t,checked,1,7.56433
svd_full_f64,n256xb1,faer-4t,checked,2,8.45419
svd_full_f64,n256xb1,faer-4t,checked,3,7.62938
svd_full_f64,t1024x256,faer-1lane,default,1,36.3779
svd_full_f64,t1024x256,faer-1lane,default,2,36.0833
svd_full_f64,t1024x256,faer-1lane,default,3,36.494
svd_full_f64,t1024x256,faer-1lane,always_qr,1,43.7647
svd_full_f64,t1024x256,faer-1lane,always_qr,2,44.5387
svd_full_f64,t1024x256,faer-1lane,always_qr,3,40.8776
svd_full_f64,t1024x256,faer-1lane,checked,1,40.0658
svd_full_f64,t1024x256,faer-1lane,checked,2,43.7139
svd_full_f64,t1024x256,faer-1lane,checked,3,39.9764
svd_full_f64,t1024x256,faer-4t,default,1,18.7664
svd_full_f64,t1024x256,faer-4t,default,2,20.8033
svd_full_f64,t1024x256,faer-4t,default,3,18.8051
svd_full_f64,t1024x256,faer-4t,always_qr,1,23.9908
svd_full_f64,t1024x256,faer-4t,always_qr,2,27.1249
svd_full_f64,t1024x256,faer-4t,always_qr,3,24.6251
svd_full_f64,t1024x256,faer-4t,checked,1,21.2306
svd_full_f64,t1024x256,faer-4t,checked,2,21.8895
svd_full_f64,t1024x256,faer-4t,checked,3,23.0592
svd_full_f64,w256x1024,faer-1lane,default,1,36.3704
svd_full_f64,w256x1024,faer-1lane,default,2,37.711
svd_full_f64,w256x1024,faer-1lane,default,3,37.0756
svd_full_f64,w256x1024,faer-1lane,always_qr,1,55.5406
svd_full_f64,w256x1024,faer-1lane,always_qr,2,43.4797
svd_full_f64,w256x1024,faer-1lane,always_qr,3,41.267
svd_full_f64,w256x1024,faer-1lane,checked,1,38.9876
svd_full_f64,w256x1024,faer-1lane,checked,2,44.1609
svd_full_f64,w256x1024,faer-1lane,checked,3,40.512
svd_full_f64,w256x1024,faer-4t,default,1,18.6484
svd_full_f64,w256x1024,faer-4t,default,2,20.0261
svd_full_f64,w256x1024,faer-4t,default,3,19.0749
svd_full_f64,w256x1024,faer-4t,always_qr,1,68.9953
svd_full_f64,w256x1024,faer-4t,always_qr,2,27.2562
svd_full_f64,w256x1024,faer-4t,always_qr,3,24.9086
svd_full_f64,w256x1024,faer-4t,checked,1,19.8741
svd_full_f64,w256x1024,faer-4t,checked,2,21.9702
svd_full_f64,w256x1024,faer-4t,checked,3,22.2333
svdvals_c64,n1024xb1,faer-1lane,default,1,538.652
svdvals_c64,n1024xb1,faer-1lane,default,2,561.408
svdvals_c64,n1024xb1,faer-1lane,default,3,518.59
svdvals_c64,n1024xb1,faer-1lane,always_qr,1,544.317
svdvals_c64,n1024xb1,faer-1lane,always_qr,2,572.08
svdvals_c64,n1024xb1,faer-1lane,always_qr,3,530.458
svdvals_c64,n1024xb1,faer-1lane,checked,1,543.637
svdvals_c64,n1024xb1,faer-1lane,checked,2,520.936
svdvals_c64,n1024xb1,faer-1lane,checked,3,534.754
svdvals_c64,n1024xb1,faer-4t,default,1,724.804
svdvals_c64,n1024xb1,faer-4t,default,2,234.349
svdvals_c64,n1024xb1,faer-4t,default,3,210.185
svdvals_c64,n1024xb1,faer-4t,always_qr,1,249.617
svdvals_c64,n1024xb1,faer-4t,always_qr,2,253.884
svdvals_c64,n1024xb1,faer-4t,always_qr,3,233.353
svdvals_c64,n1024xb1,faer-4t,checked,1,232.773
svdvals_c64,n1024xb1,faer-4t,checked,2,228.385
svdvals_c64,n1024xb1,faer-4t,checked,3,234.246
svdvals_c64,n128xb1,faer-1lane,default,1,2.02819
svdvals_c64,n128xb1,faer-1lane,default,2,2.09144
svdvals_c64,n128xb1,faer-1lane,default,3,1.92205
svdvals_c64,n128xb1,faer-1lane,always_qr,1,1.88175
svdvals_c64,n128xb1,faer-1lane,always_qr,2,2.04947
svdvals_c64,n128xb1,faer-1lane,always_qr,3,1.88684
svdvals_c64,n128xb1,faer-1lane,checked,1,1.96251
svdvals_c64,n128xb1,faer-1lane,checked,2,1.87783
svdvals_c64,n128xb1,faer-1lane,checked,3,1.89193
svdvals_c64,n128xb1,faer-4t,default,1,1.74902
svdvals_c64,n128xb1,faer-4t,default,2,1.87528
svdvals_c64,n128xb1,faer-4t,default,3,1.70694
svdvals_c64,n128xb1,faer-4t,always_qr,1,1.89317
svdvals_c64,n128xb1,faer-4t,always_qr,2,2.09653
svdvals_c64,n128xb1,faer-4t,always_qr,3,1.90294
svdvals_c64,n128xb1,faer-4t,checked,1,2.15587
svdvals_c64,n128xb1,faer-4t,checked,2,1.88798
svdvals_c64,n128xb1,faer-4t,checked,3,1.90733
svdvals_c64,n256xb1,faer-1lane,default,1,11.7212
svdvals_c64,n256xb1,faer-1lane,default,2,12.5012
svdvals_c64,n256xb1,faer-1lane,default,3,11.3994
svdvals_c64,n256xb1,faer-1lane,always_qr,1,11.4864
svdvals_c64,n256xb1,faer-1lane,always_qr,2,12.5374
svdvals_c64,n256xb1,faer-1lane,always_qr,3,11.4797
svdvals_c64,n256xb1,faer-1lane,checked,1,11.4693
svdvals_c64,n256xb1,faer-1lane,checked,2,11.4311
svdvals_c64,n256xb1,faer-1lane,checked,3,11.5128
svdvals_c64,n256xb1,faer-4t,default,1,10.1634
svdvals_c64,n256xb1,faer-4t,default,2,10.9839
svdvals_c64,n256xb1,faer-4t,default,3,10.1193
svdvals_c64,n256xb1,faer-4t,always_qr,1,10.8407
svdvals_c64,n256xb1,faer-4t,always_qr,2,11.8151
svdvals_c64,n256xb1,faer-4t,always_qr,3,11.0301
svdvals_c64,n256xb1,faer-4t,checked,1,10.9623
svdvals_c64,n256xb1,faer-4t,checked,2,10.8163
svdvals_c64,n256xb1,faer-4t,checked,3,11.0147
svdvals_c64,n4xb1024,faer-1lane,default,1,1.67625
svdvals_c64,n4xb1024,faer-1lane,default,2,1.86457
svdvals_c64,n4xb1024,faer-1lane,default,3,1.68927
svdvals_c64,n4xb1024,faer-1lane,always_qr,1,1.66054
svdvals_c64,n4xb1024,faer-1lane,always_qr,2,1.8328
svdvals_c64,n4xb1024,faer-1lane,always_qr,3,1.68593
svdvals_c64,n4xb1024,faer-1lane,checked,1,1.77843
svdvals_c64,n4xb1024,faer-1lane,checked,2,1.77642
svdvals_c64,n4xb1024,faer-1lane,checked,3,1.71296
svdvals_c64,n4xb1024,faer-4t,default,1,0.454068
svdvals_c64,n4xb1024,faer-4t,default,2,0.489872
svdvals_c64,n4xb1024,faer-4t,default,3,0.457631
svdvals_c64,n4xb1024,faer-4t,always_qr,1,0.454346
svdvals_c64,n4xb1024,faer-4t,always_qr,2,0.483234
svdvals_c64,n4xb1024,faer-4t,always_qr,3,0.457448
svdvals_c64,n4xb1024,faer-4t,checked,1,0.517606
svdvals_c64,n4xb1024,faer-4t,checked,2,0.478968
svdvals_c64,n4xb1024,faer-4t,checked,3,0.462904
svdvals_c64,t1024x256,faer-1lane,default,1,36.8811
svdvals_c64,t1024x256,faer-1lane,default,2,30.2385
svdvals_c64,t1024x256,faer-1lane,default,3,27.2753
svdvals_c64,t1024x256,faer-1lane,always_qr,1,28.5789
svdvals_c64,t1024x256,faer-1lane,always_qr,2,29.1219
svdvals_c64,t1024x256,faer-1lane,always_qr,3,27.418
svdvals_c64,t1024x256,faer-1lane,checked,1,27.0456
svdvals_c64,t1024x256,faer-1lane,checked,2,27.0588
svdvals_c64,t1024x256,faer-1lane,checked,3,27.4873
svdvals_c64,t1024x256,faer-4t,default,1,34.1147
svdvals_c64,t1024x256,faer-4t,default,2,20.2706
svdvals_c64,t1024x256,faer-4t,default,3,19.0851
svdvals_c64,t1024x256,faer-4t,always_qr,1,19.9987
svdvals_c64,t1024x256,faer-4t,always_qr,2,20.243
svdvals_c64,t1024x256,faer-4t,always_qr,3,19.4067
svdvals_c64,t1024x256,faer-4t,checked,1,19.2121
svdvals_c64,t1024x256,faer-4t,checked,2,19.1006
svdvals_c64,t1024x256,faer-4t,checked,3,19.4266
svdvals_c64,w256x1024,faer-1lane,default,1,26.593
svdvals_c64,w256x1024,faer-1lane,default,2,30.4249
svdvals_c64,w256x1024,faer-1lane,default,3,27.3267
svdvals_c64,w256x1024,faer-1lane,always_qr,1,27.3444
svdvals_c64,w256x1024,faer-1lane,always_qr,2,29.8554
svdvals_c64,w256x1024,faer-1lane,always_qr,3,27.4935
svdvals_c64,w256x1024,faer-1lane,checked,1,28.789
svdvals_c64,w256x1024,faer-1lane,checked,2,27.1964
svdvals_c64,w256x1024,faer-1lane,checked,3,27.6745
svdvals_c64,w256x1024,faer-4t,default,1,18.2044
svdvals_c64,w256x1024,faer-4t,default,2,20.2709
svdvals_c64,w256x1024,faer-4t,default,3,18.6276
svdvals_c64,w256x1024,faer-4t,always_qr,1,19.564
svdvals_c64,w256x1024,faer-4t,always_qr,2,20.7333
svdvals_c64,w256x1024,faer-4t,always_qr,3,19.4589
svdvals_c64,w256x1024,faer-4t,checked,1,19.6068
svdvals_c64,w256x1024,faer-4t,checked,2,19.1749
svdvals_c64,w256x1024,faer-4t,checked,3,19.5913
svdvals_f64,n1024xb1,faer-1lane,default,1,205.695
svdvals_f64,n1024xb1,faer-1lane,default,2,224.022
svdvals_f64,n1024xb1,faer-1lane,default,3,205.559
svdvals_f64,n1024xb1,faer-1lane,always_qr,1,212.196
svdvals_f64,n1024xb1,faer-1lane,always_qr,2,237.063
svdvals_f64,n1024xb1,faer-1lane,always_qr,3,216.222
svdvals_f64,n1024xb1,faer-1lane,checked,1,217.976
svdvals_f64,n1024xb1,faer-1lane,checked,2,221.274
svdvals_f64,n1024xb1,faer-1lane,checked,3,230.891
svdvals_f64,n1024xb1,faer-4t,default,1,115.447
svdvals_f64,n1024xb1,faer-4t,default,2,128.527
svdvals_f64,n1024xb1,faer-4t,default,3,116.701
svdvals_f64,n1024xb1,faer-4t,always_qr,1,135.835
svdvals_f64,n1024xb1,faer-4t,always_qr,2,157.615
svdvals_f64,n1024xb1,faer-4t,always_qr,3,139.374
svdvals_f64,n1024xb1,faer-4t,checked,1,137.706
svdvals_f64,n1024xb1,faer-4t,checked,2,136.911
svdvals_f64,n1024xb1,faer-4t,checked,3,159.551
svdvals_f64,n128xb1,faer-1lane,default,1,1.20822
svdvals_f64,n128xb1,faer-1lane,default,2,1.35266
svdvals_f64,n128xb1,faer-1lane,default,3,1.21186
svdvals_f64,n128xb1,faer-1lane,always_qr,1,1.09457
svdvals_f64,n128xb1,faer-1lane,always_qr,2,1.19537
svdvals_f64,n128xb1,faer-1lane,always_qr,3,1.18493
svdvals_f64,n128xb1,faer-1lane,checked,1,1.17444
svdvals_f64,n128xb1,faer-1lane,checked,2,1.18091
svdvals_f64,n128xb1,faer-1lane,checked,3,1.19999
svdvals_f64,n128xb1,faer-4t,default,1,0.994348
svdvals_f64,n128xb1,faer-4t,default,2,1.08632
svdvals_f64,n128xb1,faer-4t,default,3,0.994745
svdvals_f64,n128xb1,faer-4t,always_qr,1,1.14056
svdvals_f64,n128xb1,faer-4t,always_qr,2,1.24726
svdvals_f64,n128xb1,faer-4t,always_qr,3,1.19346
svdvals_f64,n128xb1,faer-4t,checked,1,1.18313
svdvals_f64,n128xb1,faer-4t,checked,2,1.30415
svdvals_f64,n128xb1,faer-4t,checked,3,1.18915
svdvals_f64,n256xb1,faer-1lane,default,1,6.17168
svdvals_f64,n256xb1,faer-1lane,default,2,6.35766
svdvals_f64,n256xb1,faer-1lane,default,3,6.179
svdvals_f64,n256xb1,faer-1lane,always_qr,1,6.00984
svdvals_f64,n256xb1,faer-1lane,always_qr,2,6.80564
svdvals_f64,n256xb1,faer-1lane,always_qr,3,6.27891
svdvals_f64,n256xb1,faer-1lane,checked,1,6.21897
svdvals_f64,n256xb1,faer-1lane,checked,2,6.37327
svdvals_f64,n256xb1,faer-1lane,checked,3,6.22235
svdvals_f64,n256xb1,faer-4t,default,1,5.57359
svdvals_f64,n256xb1,faer-4t,default,2,5.56834
svdvals_f64,n256xb1,faer-4t,default,3,5.60602
svdvals_f64,n256xb1,faer-4t,always_qr,1,6.08986
svdvals_f64,n256xb1,faer-4t,always_qr,2,6.92524
svdvals_f64,n256xb1,faer-4t,always_qr,3,6.45628
svdvals_f64,n256xb1,faer-4t,checked,1,6.34534
svdvals_f64,n256xb1,faer-4t,checked,2,6.39663
svdvals_f64,n256xb1,faer-4t,checked,3,6.41977
svdvals_f64,n2xb1,faer-1lane,default,1,0.000381777
svdvals_f64,n2xb1,faer-1lane,default,2,0.000410784
svdvals_f64,n2xb1,faer-1lane,default,3,0.000375898
svdvals_f64,n2xb1,faer-1lane,always_qr,1,0.000519631
svdvals_f64,n2xb1,faer-1lane,always_qr,2,0.000415846
svdvals_f64,n2xb1,faer-1lane,always_qr,3,0.00037808
svdvals_f64,n2xb1,faer-1lane,checked,1,0.000385686
svdvals_f64,n2xb1,faer-1lane,checked,2,0.000428371
svdvals_f64,n2xb1,faer-1lane,checked,3,0.000386993
svdvals_f64,n2xb1,faer-4t,default,1,0.00492902
svdvals_f64,n2xb1,faer-4t,default,2,0.00504495
svdvals_f64,n2xb1,faer-4t,default,3,0.00491352
svdvals_f64,n2xb1,faer-4t,always_qr,1,0.00998537
svdvals_f64,n2xb1,faer-4t,always_qr,2,0.00583998
svdvals_f64,n2xb1,faer-4t,always_qr,3,0.00492841
svdvals_f64,n2xb1,faer-4t,checked,1,0.00498544
svdvals_f64,n2xb1,faer-4t,checked,2,0.0058573
svdvals_f64,n2xb1,faer-4t,checked,3,0.00490987
svdvals_f64,n2xb1024,faer-1lane,default,1,0.271722
svdvals_f64,n2xb1024,faer-1lane,default,2,0.2717
svdvals_f64,n2xb1024,faer-1lane,default,3,0.271106
svdvals_f64,n2xb1024,faer-1lane,always_qr,1,0.332037
svdvals_f64,n2xb1024,faer-1lane,always_qr,2,0.291171
svdvals_f64,n2xb1024,faer-1lane,always_qr,3,0.271688
svdvals_f64,n2xb1024,faer-1lane,checked,1,0.269507
svdvals_f64,n2xb1024,faer-1lane,checked,2,0.297864
svdvals_f64,n2xb1024,faer-1lane,checked,3,0.270436
svdvals_f64,n2xb1024,faer-4t,default,1,0.0885363
svdvals_f64,n2xb1024,faer-4t,default,2,0.0853938
svdvals_f64,n2xb1024,faer-4t,default,3,0.0854213
svdvals_f64,n2xb1024,faer-4t,always_qr,1,0.190517
svdvals_f64,n2xb1024,faer-4t,always_qr,2,0.099256
svdvals_f64,n2xb1024,faer-4t,always_qr,3,0.0853575
svdvals_f64,n2xb1024,faer-4t,checked,1,0.0864295
svdvals_f64,n2xb1024,faer-4t,checked,2,0.10069
svdvals_f64,n2xb1024,faer-4t,checked,3,0.0858171
svdvals_f64,n2xb3,faer-1lane,default,1,0.000925683
svdvals_f64,n2xb3,faer-1lane,default,2,0.000926976
svdvals_f64,n2xb3,faer-1lane,default,3,0.000919783
svdvals_f64,n2xb3,faer-1lane,always_qr,1,0.00114752
svdvals_f64,n2xb3,faer-1lane,always_qr,2,0.00100847
svdvals_f64,n2xb3,faer-1lane,always_qr,3,0.000928196
svdvals_f64,n2xb3,faer-1lane,checked,1,0.000933207
svdvals_f64,n2xb3,faer-1lane,checked,2,0.000993536
svdvals_f64,n2xb3,faer-1lane,checked,3,0.000937398
svdvals_f64,n2xb3,faer-4t,default,1,0.00575849
svdvals_f64,n2xb3,faer-4t,default,2,0.00587931
svdvals_f64,n2xb3,faer-4t,default,3,0.00587079
svdvals_f64,n2xb3,faer-4t,always_qr,1,0.0126249
svdvals_f64,n2xb3,faer-4t,always_qr,2,0.00676926
svdvals_f64,n2xb3,faer-4t,always_qr,3,0.00583749
svdvals_f64,n2xb3,faer-4t,checked,1,0.00582411
svdvals_f64,n2xb3,faer-4t,checked,2,0.00689451
svdvals_f64,n2xb3,faer-4t,checked,3,0.00581405
svdvals_f64,n2xb4,faer-1lane,default,1,0.00118567
svdvals_f64,n2xb4,faer-1lane,default,2,0.00118496
svdvals_f64,n2xb4,faer-1lane,default,3,0.00118572
svdvals_f64,n2xb4,faer-1lane,always_qr,1,0.00144086
svdvals_f64,n2xb4,faer-1lane,always_qr,2,0.00131305
svdvals_f64,n2xb4,faer-1lane,always_qr,3,0.00119029
svdvals_f64,n2xb4,faer-1lane,checked,1,0.00119771
svdvals_f64,n2xb4,faer-1lane,checked,2,0.00122551
svdvals_f64,n2xb4,faer-1lane,checked,3,0.0012788
svdvals_f64,n2xb4,faer-4t,default,1,0.00666449
svdvals_f64,n2xb4,faer-4t,default,2,0.00632393
svdvals_f64,n2xb4,faer-4t,default,3,0.00641763
svdvals_f64,n2xb4,faer-4t,always_qr,1,0.0137291
svdvals_f64,n2xb4,faer-4t,always_qr,2,0.00888191
svdvals_f64,n2xb4,faer-4t,always_qr,3,0.00639252
svdvals_f64,n2xb4,faer-4t,checked,1,0.00641465
svdvals_f64,n2xb4,faer-4t,checked,2,0.00755864
svdvals_f64,n2xb4,faer-4t,checked,3,0.00677032
svdvals_f64,n2xb8,faer-1lane,default,1,0.00225144
svdvals_f64,n2xb8,faer-1lane,default,2,0.00226473
svdvals_f64,n2xb8,faer-1lane,default,3,0.00226592
svdvals_f64,n2xb8,faer-1lane,always_qr,1,0.00278592
svdvals_f64,n2xb8,faer-1lane,always_qr,2,0.00247306
svdvals_f64,n2xb8,faer-1lane,always_qr,3,0.00227475
svdvals_f64,n2xb8,faer-1lane,checked,1,0.00251753
svdvals_f64,n2xb8,faer-1lane,checked,2,0.00248511
svdvals_f64,n2xb8,faer-1lane,checked,3,0.00227934
svdvals_f64,n2xb8,faer-4t,default,1,0.00666471
svdvals_f64,n2xb8,faer-4t,default,2,0.00674944
svdvals_f64,n2xb8,faer-4t,default,3,0.00671856
svdvals_f64,n2xb8,faer-4t,always_qr,1,0.0178352
svdvals_f64,n2xb8,faer-4t,always_qr,2,0.00839106
svdvals_f64,n2xb8,faer-4t,always_qr,3,0.00672969
svdvals_f64,n2xb8,faer-4t,checked,1,0.00687691
svdvals_f64,n2xb8,faer-4t,checked,2,0.00768876
svdvals_f64,n2xb8,faer-4t,checked,3,0.00678112
svdvals_f64,n32xb1,faer-1lane,default,1,0.0717592
svdvals_f64,n32xb1,faer-1lane,default,2,0.0722103
svdvals_f64,n32xb1,faer-1lane,default,3,0.0708393
svdvals_f64,n32xb1,faer-1lane,always_qr,1,0.067002
svdvals_f64,n32xb1,faer-1lane,always_qr,2,0.0758344
svdvals_f64,n32xb1,faer-1lane,always_qr,3,0.0721066
svdvals_f64,n32xb1,faer-1lane,checked,1,0.0718009
svdvals_f64,n32xb1,faer-1lane,checked,2,0.072029
svdvals_f64,n32xb1,faer-1lane,checked,3,0.0719703
svdvals_f64,n32xb1,faer-4t,default,1,0.0835525
svdvals_f64,n32xb1,faer-4t,default,2,0.099828
svdvals_f64,n32xb1,faer-4t,default,3,0.0843133
svdvals_f64,n32xb1,faer-4t,always_qr,1,0.0842224
svdvals_f64,n32xb1,faer-4t,always_qr,2,0.0886648
svdvals_f64,n32xb1,faer-4t,always_qr,3,0.0841434
svdvals_f64,n32xb1,faer-4t,checked,1,0.0841212
svdvals_f64,n32xb1,faer-4t,checked,2,0.085531
svdvals_f64,n32xb1,faer-4t,checked,3,0.0829749
svdvals_f64,n4xb1,faer-1lane,default,1,0.00141501
svdvals_f64,n4xb1,faer-1lane,default,2,0.00139008
svdvals_f64,n4xb1,faer-1lane,default,3,0.00140277
svdvals_f64,n4xb1,faer-1lane,always_qr,1,0.00165855
svdvals_f64,n4xb1,faer-1lane,always_qr,2,0.00152196
svdvals_f64,n4xb1,faer-1lane,always_qr,3,0.00139563
svdvals_f64,n4xb1,faer-1lane,checked,1,0.00142422
svdvals_f64,n4xb1,faer-1lane,checked,2,0.00148944
svdvals_f64,n4xb1,faer-1lane,checked,3,0.00138561
svdvals_f64,n4xb1,faer-4t,default,1,0.00643157
svdvals_f64,n4xb1,faer-4t,default,2,0.00640691
svdvals_f64,n4xb1,faer-4t,default,3,0.00651963
svdvals_f64,n4xb1,faer-4t,always_qr,1,0.0125292
svdvals_f64,n4xb1,faer-4t,always_qr,2,0.00732958
svdvals_f64,n4xb1,faer-4t,always_qr,3,0.00650266
svdvals_f64,n4xb1,faer-4t,checked,1,0.00647729
svdvals_f64,n4xb1,faer-4t,checked,2,0.00735613
svdvals_f64,n4xb1,faer-4t,checked,3,0.00645241
svdvals_f64,n4xb1024,faer-1lane,default,1,1.34818
svdvals_f64,n4xb1024,faer-1lane,default,2,1.34478
svdvals_f64,n4xb1024,faer-1lane,default,3,1.34854
svdvals_f64,n4xb1024,faer-1lane,always_qr,1,5.05447
svdvals_f64,n4xb1024,faer-1lane,always_qr,2,1.45388
svdvals_f64,n4xb1024,faer-1lane,always_qr,3,1.3555
svdvals_f64,n4xb1024,faer-1lane,checked,1,1.34429
svdvals_f64,n4xb1024,faer-1lane,checked,2,1.45198
svdvals_f64,n4xb1024,faer-1lane,checked,3,1.40736
svdvals_f64,n4xb1024,faer-4t,default,1,0.360837
svdvals_f64,n4xb1024,faer-4t,default,2,0.360214
svdvals_f64,n4xb1024,faer-4t,default,3,0.364132
svdvals_f64,n4xb1024,faer-4t,always_qr,1,7.49348
svdvals_f64,n4xb1024,faer-4t,always_qr,2,0.391333
svdvals_f64,n4xb1024,faer-4t,always_qr,3,0.37047
svdvals_f64,n4xb1024,faer-4t,checked,1,0.370983
svdvals_f64,n4xb1024,faer-4t,checked,2,0.396193
svdvals_f64,n4xb1024,faer-4t,checked,3,0.393001
svdvals_f64,n4xb3,faer-1lane,default,1,0.00400207
svdvals_f64,n4xb3,faer-1lane,default,2,0.00399121
svdvals_f64,n4xb3,faer-1lane,default,3,0.00401934
svdvals_f64,n4xb3,faer-1lane,always_qr,1,0.00478772
svdvals_f64,n4xb3,faer-1lane,always_qr,2,0.00439991
svdvals_f64,n4xb3,faer-1lane,always_qr,3,0.00402631
svdvals_f64,n4xb3,faer-1lane,checked,1,0.00410684
svdvals_f64,n4xb3,faer-1lane,checked,2,0.00439215
svdvals_f64,n4xb3,faer-1lane,checked,3,0.00414391
svdvals_f64,n4xb3,faer-4t,default,1,0.010405
svdvals_f64,n4xb3,faer-4t,default,2,0.0104361
svdvals_f64,n4xb3,faer-4t,default,3,0.0104723
svdvals_f64,n4xb3,faer-4t,always_qr,1,0.0141921
svdvals_f64,n4xb3,faer-4t,always_qr,2,0.0111379
svdvals_f64,n4xb3,faer-4t,always_qr,3,0.0105188
svdvals_f64,n4xb3,faer-4t,checked,1,0.0105592
svdvals_f64,n4xb3,faer-4t,checked,2,0.0112655
svdvals_f64,n4xb3,faer-4t,checked,3,0.0105082
svdvals_f64,n4xb4,faer-1lane,default,1,0.00549137
svdvals_f64,n4xb4,faer-1lane,default,2,0.00542338
svdvals_f64,n4xb4,faer-1lane,default,3,0.00546253
svdvals_f64,n4xb4,faer-1lane,always_qr,1,0.00506586
svdvals_f64,n4xb4,faer-1lane,always_qr,2,0.00604876
svdvals_f64,n4xb4,faer-1lane,always_qr,3,0.00548825
svdvals_f64,n4xb4,faer-1lane,checked,1,0.00546952
svdvals_f64,n4xb4,faer-1lane,checked,2,0.00592402
svdvals_f64,n4xb4,faer-1lane,checked,3,0.00543851
svdvals_f64,n4xb4,faer-4t,default,1,0.00919259
svdvals_f64,n4xb4,faer-4t,default,2,0.00908819
svdvals_f64,n4xb4,faer-4t,default,3,0.00934258
svdvals_f64,n4xb4,faer-4t,always_qr,1,0.011512
svdvals_f64,n4xb4,faer-4t,always_qr,2,0.0108013
svdvals_f64,n4xb4,faer-4t,always_qr,3,0.00938658
svdvals_f64,n4xb4,faer-4t,checked,1,0.00922184
svdvals_f64,n4xb4,faer-4t,checked,2,0.0108355
svdvals_f64,n4xb4,faer-4t,checked,3,0.00929928
svdvals_f64,n4xb8,faer-1lane,default,1,0.0105884
svdvals_f64,n4xb8,faer-1lane,default,2,0.0105585
svdvals_f64,n4xb8,faer-1lane,default,3,0.0106254
svdvals_f64,n4xb8,faer-1lane,always_qr,1,0.00983833
svdvals_f64,n4xb8,faer-1lane,always_qr,2,0.0113847
svdvals_f64,n4xb8,faer-1lane,always_qr,3,0.0106384
svdvals_f64,n4xb8,faer-1lane,checked,1,0.0105112
svdvals_f64,n4xb8,faer-1lane,checked,2,0.0113692
svdvals_f64,n4xb8,faer-1lane,checked,3,0.0105227
svdvals_f64,n4xb8,faer-4t,default,1,0.0115006
svdvals_f64,n4xb8,faer-4t,default,2,0.0115341
svdvals_f64,n4xb8,faer-4t,default,3,0.0115491
svdvals_f64,n4xb8,faer-4t,always_qr,1,0.0116136
svdvals_f64,n4xb8,faer-4t,always_qr,2,0.0125108
svdvals_f64,n4xb8,faer-4t,always_qr,3,0.0115091
svdvals_f64,n4xb8,faer-4t,checked,1,0.0120355
svdvals_f64,n4xb8,faer-4t,checked,2,0.0130448
svdvals_f64,n4xb8,faer-4t,checked,3,0.011493
svdvals_f64,n512xb1,faer-1lane,default,1,33.3338
svdvals_f64,n512xb1,faer-1lane,default,2,36.726
svdvals_f64,n512xb1,faer-1lane,default,3,33.2526
svdvals_f64,n512xb1,faer-1lane,always_qr,1,34.1306
svdvals_f64,n512xb1,faer-1lane,always_qr,2,37.2231
svdvals_f64,n512xb1,faer-1lane,always_qr,3,34.9021
svdvals_f64,n512xb1,faer-1lane,checked,1,34.9231
svdvals_f64,n512xb1,faer-1lane,checked,2,35.6583
svdvals_f64,n512xb1,faer-1lane,checked,3,35.1932
svdvals_f64,n512xb1,faer-4t,default,1,26.3989
svdvals_f64,n512xb1,faer-4t,default,2,29.7664
svdvals_f64,n512xb1,faer-4t,default,3,26.2695
svdvals_f64,n512xb1,faer-4t,always_qr,1,30.7441
svdvals_f64,n512xb1,faer-4t,always_qr,2,34.6277
svdvals_f64,n512xb1,faer-4t,always_qr,3,31.7147
svdvals_f64,n512xb1,faer-4t,checked,1,31.5548
svdvals_f64,n512xb1,faer-4t,checked,2,32.1135
svdvals_f64,n512xb1,faer-4t,checked,3,31.6191
svdvals_f64,n8xb1,faer-1lane,default,1,0.00494254
svdvals_f64,n8xb1,faer-1lane,default,2,0.004938
svdvals_f64,n8xb1,faer-1lane,default,3,0.00496263
svdvals_f64,n8xb1,faer-1lane,always_qr,1,0.0096542
svdvals_f64,n8xb1,faer-1lane,always_qr,2,0.00535047
svdvals_f64,n8xb1,faer-1lane,always_qr,3,0.00498307
svdvals_f64,n8xb1,faer-1lane,checked,1,0.00491763
svdvals_f64,n8xb1,faer-1lane,checked,2,0.00557167
svdvals_f64,n8xb1,faer-1lane,checked,3,0.00489843
svdvals_f64,n8xb1,faer-4t,default,1,0.0120954
svdvals_f64,n8xb1,faer-4t,default,2,0.011825
svdvals_f64,n8xb1,faer-4t,default,3,0.0119594
svdvals_f64,n8xb1,faer-4t,always_qr,1,0.0127499
svdvals_f64,n8xb1,faer-4t,always_qr,2,0.0125279
svdvals_f64,n8xb1,faer-4t,always_qr,3,0.0119615
svdvals_f64,n8xb1,faer-4t,checked,1,0.0119691
svdvals_f64,n8xb1,faer-4t,checked,2,0.0144079
svdvals_f64,n8xb1,faer-4t,checked,3,0.0119166
svdvals_f64,n8xb1024,faer-1lane,default,1,5.03398
svdvals_f64,n8xb1024,faer-1lane,default,2,4.9832
svdvals_f64,n8xb1024,faer-1lane,default,3,4.95503
svdvals_f64,n8xb1024,faer-1lane,always_qr,1,4.65756
svdvals_f64,n8xb1024,faer-1lane,always_qr,2,5.27559
svdvals_f64,n8xb1024,faer-1lane,always_qr,3,5.00755
svdvals_f64,n8xb1024,faer-1lane,checked,1,4.92051
svdvals_f64,n8xb1024,faer-1lane,checked,2,5.05756
svdvals_f64,n8xb1024,faer-1lane,checked,3,4.94798
svdvals_f64,n8xb1024,faer-4t,default,1,1.29638
svdvals_f64,n8xb1024,faer-4t,default,2,1.30056
svdvals_f64,n8xb1024,faer-4t,default,3,1.30877
svdvals_f64,n8xb1024,faer-4t,always_qr,1,1.30602
svdvals_f64,n8xb1024,faer-4t,always_qr,2,1.37633
svdvals_f64,n8xb1024,faer-4t,always_qr,3,1.30983
svdvals_f64,n8xb1024,faer-4t,checked,1,1.35019
svdvals_f64,n8xb1024,faer-4t,checked,2,1.36113
svdvals_f64,n8xb1024,faer-4t,checked,3,1.44185
svdvals_f64,n8xb3,faer-1lane,default,1,0.0145863
svdvals_f64,n8xb3,faer-1lane,default,2,0.0145575
svdvals_f64,n8xb3,faer-1lane,default,3,0.014669
svdvals_f64,n8xb3,faer-1lane,always_qr,1,0.0182663
svdvals_f64,n8xb3,faer-1lane,always_qr,2,0.0160416
svdvals_f64,n8xb3,faer-1lane,always_qr,3,0.0147168
svdvals_f64,n8xb3,faer-1lane,checked,1,0.0144566
svdvals_f64,n8xb3,faer-1lane,checked,2,0.0176532
svdvals_f64,n8xb3,faer-1lane,checked,3,0.0150197
svdvals_f64,n8xb3,faer-4t,default,1,0.0226057
svdvals_f64,n8xb3,faer-4t,default,2,0.0224508
svdvals_f64,n8xb3,faer-4t,default,3,0.0228977
svdvals_f64,n8xb3,faer-4t,always_qr,1,0.0310995
svdvals_f64,n8xb3,faer-4t,always_qr,2,0.0237849
svdvals_f64,n8xb3,faer-4t,always_qr,3,0.0229527
svdvals_f64,n8xb3,faer-4t,checked,1,0.0229555
svdvals_f64,n8xb3,faer-4t,checked,2,0.0251209
svdvals_f64,n8xb3,faer-4t,checked,3,0.0226801
svdvals_f64,n8xb4,faer-1lane,default,1,0.0199117
svdvals_f64,n8xb4,faer-1lane,default,2,0.0197096
svdvals_f64,n8xb4,faer-1lane,default,3,0.0197159
svdvals_f64,n8xb4,faer-1lane,always_qr,1,0.0202181
svdvals_f64,n8xb4,faer-1lane,always_qr,2,0.0209079
svdvals_f64,n8xb4,faer-1lane,always_qr,3,0.0198253
svdvals_f64,n8xb4,faer-1lane,checked,1,0.0200804
svdvals_f64,n8xb4,faer-1lane,checked,2,0.0204591
svdvals_f64,n8xb4,faer-1lane,checked,3,0.0195676
svdvals_f64,n8xb4,faer-4t,default,1,0.014327
svdvals_f64,n8xb4,faer-4t,default,2,0.0141818
svdvals_f64,n8xb4,faer-4t,default,3,0.0144475
svdvals_f64,n8xb4,faer-4t,always_qr,1,0.0199801
svdvals_f64,n8xb4,faer-4t,always_qr,2,0.0166964
svdvals_f64,n8xb4,faer-4t,always_qr,3,0.014241
svdvals_f64,n8xb4,faer-4t,checked,1,0.0143449
svdvals_f64,n8xb4,faer-4t,checked,2,0.0180788
svdvals_f64,n8xb4,faer-4t,checked,3,0.0145412
svdvals_f64,n8xb8,faer-1lane,default,1,0.0389237
svdvals_f64,n8xb8,faer-1lane,default,2,0.0388868
svdvals_f64,n8xb8,faer-1lane,default,3,0.0388434
svdvals_f64,n8xb8,faer-1lane,always_qr,1,0.0409576
svdvals_f64,n8xb8,faer-1lane,always_qr,2,0.0395971
svdvals_f64,n8xb8,faer-1lane,always_qr,3,0.0389231
svdvals_f64,n8xb8,faer-1lane,checked,1,0.0385373
svdvals_f64,n8xb8,faer-1lane,checked,2,0.0402112
svdvals_f64,n8xb8,faer-1lane,checked,3,0.0388293
svdvals_f64,n8xb8,faer-4t,default,1,0.0204271
svdvals_f64,n8xb8,faer-4t,default,2,0.0206059
svdvals_f64,n8xb8,faer-4t,default,3,0.0205074
svdvals_f64,n8xb8,faer-4t,always_qr,1,0.0288015
svdvals_f64,n8xb8,faer-4t,always_qr,2,0.025667
svdvals_f64,n8xb8,faer-4t,always_qr,3,0.0207337
svdvals_f64,n8xb8,faer-4t,checked,1,0.0212705
svdvals_f64,n8xb8,faer-4t,checked,2,0.0233274
svdvals_f64,n8xb8,faer-4t,checked,3,0.0264129
svdvals_f64,t1024x256,faer-1lane,default,1,9.84055
svdvals_f64,t1024x256,faer-1lane,default,2,10.2817
svdvals_f64,t1024x256,faer-1lane,default,3,9.92005
svdvals_f64,t1024x256,faer-1lane,always_qr,1,9.4007
svdvals_f64,t1024x256,faer-1lane,always_qr,2,10.9699
svdvals_f64,t1024x256,faer-1lane,always_qr,3,10.0141
svdvals_f64,t1024x256,faer-1lane,checked,1,10.0261
svdvals_f64,t1024x256,faer-1lane,checked,2,9.97267
svdvals_f64,t1024x256,faer-1lane,checked,3,9.94297
svdvals_f64,t1024x256,faer-4t,default,1,8.56645
svdvals_f64,t1024x256,faer-4t,default,2,9.45849
svdvals_f64,t1024x256,faer-4t,default,3,8.66197
svdvals_f64,t1024x256,faer-4t,always_qr,1,9.15226
svdvals_f64,t1024x256,faer-4t,always_qr,2,10.3284
svdvals_f64,t1024x256,faer-4t,always_qr,3,9.50182
svdvals_f64,t1024x256,faer-4t,checked,1,9.47052
svdvals_f64,t1024x256,faer-4t,checked,2,9.50182
svdvals_f64,t1024x256,faer-4t,checked,3,9.43932
svdvals_f64,t64x24,faer-1lane,default,1,0.0536493
svdvals_f64,t64x24,faer-1lane,default,2,0.0547594
svdvals_f64,t64x24,faer-1lane,default,3,0.0505025
svdvals_f64,t64x24,faer-1lane,always_qr,1,0.0470612
svdvals_f64,t64x24,faer-1lane,always_qr,2,0.0550522
svdvals_f64,t64x24,faer-1lane,always_qr,3,0.0507072
svdvals_f64,t64x24,faer-1lane,checked,1,0.0507349
svdvals_f64,t64x24,faer-1lane,checked,2,0.0505344
svdvals_f64,t64x24,faer-1lane,checked,3,0.0506262
svdvals_f64,t64x24,faer-4t,default,1,0.0635876
svdvals_f64,t64x24,faer-4t,default,2,0.0669327
svdvals_f64,t64x24,faer-4t,default,3,0.0630263
svdvals_f64,t64x24,faer-4t,always_qr,1,0.0636129
svdvals_f64,t64x24,faer-4t,always_qr,2,0.0661556
svdvals_f64,t64x24,faer-4t,always_qr,3,0.062801
svdvals_f64,t64x24,faer-4t,checked,1,0.06285
svdvals_f64,t64x24,faer-4t,checked,2,0.0644305
svdvals_f64,t64x24,faer-4t,checked,3,0.0621263
svdvals_f64,w256x1024,faer-1lane,default,1,9.98313
svdvals_f64,w256x1024,faer-1lane,default,2,10.8517
svdvals_f64,w256x1024,faer-1lane,default,3,10.0959
svdvals_f64,w256x1024,faer-1lane,always_qr,1,9.8463
svdvals_f64,w256x1024,faer-1lane,always_qr,2,11.1579
svdvals_f64,w256x1024,faer-1lane,always_qr,3,10.1738
svdvals_f64,w256x1024,faer-1lane,checked,1,10.0822
svdvals_f64,w256x1024,faer-1lane,checked,2,10.0666
svdvals_f64,w256x1024,faer-1lane,checked,3,10.1658
svdvals_f64,w256x1024,faer-4t,default,1,8.69264
svdvals_f64,w256x1024,faer-4t,default,2,9.44738
svdvals_f64,w256x1024,faer-4t,default,3,8.7401
svdvals_f64,w256x1024,faer-4t,always_qr,1,9.2444
svdvals_f64,w256x1024,faer-4t,always_qr,2,10.4888
svdvals_f64,w256x1024,faer-4t,always_qr,3,9.6526
svdvals_f64,w256x1024,faer-4t,checked,1,9.60422
svdvals_f64,w256x1024,faer-4t,checked,2,9.74049
svdvals_f64,w256x1024,faer-4t,checked,3,9.69731
